{"cameraMode":{"drawMode":0,"name":"Shaded","section":"Shading Mode"},"sceneLighting":false,"audioPlay":false,"sceneViewState":{"showFog":true,"showMaterialUpdate":false,"showSkybox":false,"showFlares":true,"showImageEffects":true,"showParticleSystems":true},"in2DMode":false,"pivot":{"x":-0.0009110569953918457,"y":0.2047988474369049,"z":0.24095439910888673},"rotation":{"x":-0.1162717193365097,"y":0.5831296443939209,"z":-0.08468081057071686,"w":-0.7998057007789612},"size":2.1384739875793459,"orthographic":false}