{"cameraMode":{"drawMode":0,"name":"Shaded","section":"Shading Mode"},"sceneLighting":false,"audioPlay":false,"sceneViewState":{"showFog":true,"showMaterialUpdate":false,"showSkybox":false,"showFlares":true,"showImageEffects":true,"showParticleSystems":true},"in2DMode":false,"pivot":{"x":12.944389343261719,"y":-9.273046493530274,"z":3.7531423568725588},"rotation":{"x":-0.2664893567562103,"y":-0.5722771883010864,"z":0.20490634441375733,"w":-0.7500046491622925},"size":10.37230110168457,"orthographic":false}