{"cameraMode":{"drawMode":0,"name":"Shaded","section":"Shading Mode"},"sceneLighting":true,"audioPlay":false,"sceneViewState":{"showFog":true,"showMaterialUpdate":false,"showSkybox":false,"showFlares":true,"showImageEffects":true,"showParticleSystems":true},"in2DMode":false,"pivot":{"x":30.567665100097658,"y":-9.622264862060547,"z":502.8122863769531},"rotation":{"x":0.4640013873577118,"y":-0.2873615324497223,"z":0.1902519017457962,"w":0.8184590339660645},"size":4.638693809509277,"orthographic":false}