{"cameraMode":{"drawMode":0,"name":"Shaded","section":"Shading Mode"},"sceneLighting":true,"audioPlay":false,"sceneViewState":{"showFog":true,"showMaterialUpdate":false,"showSkybox":false,"showFlares":true,"showImageEffects":true,"showParticleSystems":true},"in2DMode":false,"pivot":{"x":26.199996948242189,"y":-9.260000228881836,"z":280.79998779296877},"rotation":{"x":-0.13253556191921235,"y":-0.8236001133918762,"z":0.5070691704750061,"w":-0.22315411269664765},"size":477.62030029296877,"orthographic":false}