{"cameraMode":{"drawMode":0,"name":"Shaded","section":"Shading Mode"},"sceneLighting":false,"audioPlay":false,"sceneViewState":{"showFog":true,"showMaterialUpdate":false,"showSkybox":false,"showFlares":true,"showImageEffects":true,"showParticleSystems":true},"in2DMode":false,"pivot":{"x":0.07741886377334595,"y":0.014226377010345459,"z":0.11229293048381806},"rotation":{"x":-0.03612031787633896,"y":-0.9383863210678101,"z":0.33133289217948916,"w":-0.10581113398075104},"size":0.8481763005256653,"orthographic":false}