{"cameraMode":{"drawMode":0,"name":"Shaded","section":"Shading Mode"},"sceneLighting":false,"audioPlay":false,"sceneViewState":{"showFog":true,"showMaterialUpdate":false,"showSkybox":false,"showFlares":true,"showImageEffects":true,"showParticleSystems":true},"in2DMode":false,"pivot":{"x":-6.249999523162842,"y":9.11822509765625,"z":-3.750002861022949},"rotation":{"x":-0.19989240169525147,"y":0.02409791573882103,"z":-0.004917811136692762,"w":-0.9795107841491699},"size":7.832735061645508,"orthographic":false}