{"cameraMode":{"drawMode":0,"name":"Shaded","section":"Shading Mode"},"sceneLighting":true,"audioPlay":false,"sceneViewState":{"showFog":true,"showMaterialUpdate":false,"showSkybox":false,"showFlares":true,"showImageEffects":true,"showParticleSystems":true},"in2DMode":false,"pivot":{"x":107.26414489746094,"y":16.20553970336914,"z":292.7989807128906},"rotation":{"x":0.04077880457043648,"y":0.7322946190834045,"z":0.041624754667282107,"w":-0.681957483291626},"size":44.7956428527832,"orthographic":false}