{"cameraMode":{"drawMode":0,"name":"Shaded","section":"Shading Mode"},"sceneLighting":false,"audioPlay":false,"sceneViewState":{"showFog":true,"showMaterialUpdate":false,"showSkybox":false,"showFlares":true,"showImageEffects":true,"showParticleSystems":true},"in2DMode":false,"pivot":{"x":1.9840319156646729,"y":0.7022676467895508,"z":24.343246459960939},"rotation":{"x":-0.13253556191921235,"y":-0.8236001133918762,"z":0.5070691704750061,"w":-0.22315411269664765},"size":1.3635478019714356,"orthographic":false}