{"cameraMode":{"drawMode":0,"name":"Shaded","section":"Shading Mode"},"sceneLighting":false,"audioPlay":false,"sceneViewState":{"showFog":true,"showMaterialUpdate":false,"showSkybox":false,"showFlares":true,"showImageEffects":true,"showParticleSystems":true},"in2DMode":false,"pivot":{"x":2.591761350631714,"y":0.6741445064544678,"z":2.799769163131714},"rotation":{"x":-0.13253556191921235,"y":-0.8236001133918762,"z":0.5070691704750061,"w":-0.22315411269664765},"size":2.1325621604919435,"orthographic":false}